EP-51-60116,1038874251
EP-51-60106,1038882076
EP-51-60096,1038883474
EP-51-60086,1038892630
EP-51-60071,1038890199
EP-51-60061,1038891637
EP-51-60056,1038904701
EP-51-60041,1038906726
EP-51-60031,1038903942
EP-51-60021,1038910716
EP-51-60011,1038914046
EP-51-40985,1038922540
EP-51-40984,1038930340
EP-51-40983,1038933651
EP-51-40982,1038932061
EP-51-40976,1038940984
EP-51-40975,1038949000
EP-51-40974,1038950199
EP-51-40973,1038951474
EP-51-40972,1038960146
EP-51-40971,1038966515
EP-51-40896,1038990536
EP-51-40895,1039007537
EP-51-40894,1039007947
EP-51-40893,1039008479
EP-51-40892,1039016789
EP-51-40891,1039016789
EP-51-40889,1039510095
EP-51-40888,1039508029
EP-51-40887,1039513415
EP-51-40886,1039513863
EP-51-40885,1039517380
EP-51-40884,1039521149
EP-51-40883,1039515770
EP-51-40882,1039524992
EP-51-40881,1039523714
EP-51-40872,
EP-51-40871,
EP-51-40816,1038980061
EP-51-40815,1039612193
EP-51-40814,1039629288
EP-51-40813,1039626388
EP-51-40812,1039630871
EP-51-40811,1039627874
EP-51-40806,1039628565
EP-51-40805,1039633352
EP-51-40804,1039641749
EP-51-40803,1039642705
EP-51-40802,1039643927
EP-51-40801,1039648959
EP-51-40743,1039664416
EP-51-40742,1039705950
EP-51-40734,1039710106
EP-51-40733,1039710397
EP-51-40657,1040181530
EP-51-40656,1040182347
EP-51-40655,1040189005
EP-51-40654,1040186095
EP-51-40653,1040190203
EP-51-40652,1040197177
EP-51-40651,1040194381
EP-51-40647,1040201258
EP-51-40646,1040195478
EP-51-40645,1040202509
EP-51-40644,1040208705
EP-51-40643,1040209255
EP-51-40642,1040209653
EP-51-40641,1040206696
EP-51-40544,1039571569
EP-51-40543,1039572102
EP-51-40542,1039576670
EP-51-40541,1039581147
EP-51-40512,1039575404
EP-51-40511,1039579695
EP-51-40096,1040212066
EP-51-40092,1040212450
EP-51-40091,1040269042
EP-51-40039,1039580376
EP-51-40037,1039588945
EP-51-40032,1039586089
EP-51-40031,1039593820
EP-51-40027,1039594599
EP-51-40022,1039588268
EP-51-40021,1039592405
EP-51-40020,1039599200
EP-51-35591,
EP-51-35580,
EP-51-35569,1040290239
EP-51-35561,1040269578
EP-51-35560,1040266820
EP-51-35224,1040271008
EP-51-35223,1040276456
EP-51-35218,1040156066
EP-51-35217,1040165162
EP-51-35216,1040162236
EP-51-35215,1040160232
EP-51-35172,1040177366
